energy,Fe_foil,Fe2O3,Fe3O4,FeO
6913.163,-3.38E-05,-5.46E-05,-7.03E-06,-2.58E-06
6923.163,-3.28E-05,-4.75E-05,-5.73E-06,7.20E-06
6933.163,-1.47E-05,-4.03E-05,-4.43E-06,-1.18E-05
6943.163,1.95E-06,-3.31E-05,-3.13E-06,6.66E-06
6953.163,1.50E-06,-2.60E-05,-1.83E-06,1.12E-06
6963.163,4.39E-07,-1.88E-05,-5.36E-07,-1.64E-06
6973.163,-7.81E-07,-1.02E-05,6.96E-07,1.73E-06
6983.163,-5.79E-08,8.37E-06,1.10E-06,4.17E-07
6993.163,6.56E-07,1.30E-05,-5.70E-07,-1.10E-06
7003.163,3.97E-07,-5.47E-06,3.70E-07,1.70E-06
7013.163,4.41E-07,-4.93E-06,1.69E-06,-8.34E-07
7023.163,3.54E-07,8.86E-06,5.97E-07,2.13E-06
7033.163,5.30E-07,-2.96E-06,5.03E-07,9.12E-07
7043.163,1.13E-06,9.44E-07,6.31E-07,-7.00E-07
7053.163,1.25E-06,2.30E-05,8.93E-07,2.57E-06
7063.163,2.28E-06,1.52E-05,2.34E-06,1.87E-06
7073.163,4.90E-06,-4.53E-06,5.02E-06,4.39E-06
7083.163,5.29E-06,2.32E-05,9.58E-06,1.01E-05
7093.163,-6.28E-07,-2.93E-03,-8.89E-05,5.35E-06
7093.663,1.30E-05,7.26E-04,9.36E-05,7.27E-07
7094.163,1.93E-04,1.56E-04,3.69E-04,-3.90E-06
7094.663,1.48E-04,2.98E-03,1.80E-04,-8.52E-06
7095.163,-1.59E-05,5.58E-03,-5.05E-04,-1.31E-05
7095.663,-1.60E-05,-7.91E-04,-2.23E-04,-1.78E-05
7096.163,1.21E-04,-3.95E-03,2.84E-04,-2.24E-05
7096.663,6.21E-05,2.69E-04,3.29E-04,-2.70E-05
7097.163,-1.13E-04,2.51E-04,1.75E-04,-3.16E-05
7097.663,1.99E-05,-1.78E-04,-5.01E-05,-3.63E-05
7098.163,7.62E-05,5.11E-04,-3.42E-04,-7.14E-05
7098.663,6.58E-05,-6.61E-04,-2.96E-04,-1.12E-04
7099.163,2.97E-04,-8.36E-04,1.59E-04,-1.52E-04
7099.663,2.14E-04,1.75E-03,4.27E-04,-1.92E-04
7100.163,-4.88E-06,1.94E-03,1.40E-04,-2.32E-04
7100.663,1.23E-04,-3.85E-03,-2.48E-04,-2.72E-04
7101.163,1.62E-04,-1.16E-03,7.88E-05,-3.12E-04
7101.663,1.01E-04,3.05E-03,6.21E-04,-3.53E-04
7102.163,1.96E-04,-2.29E-03,3.20E-04,-3.93E-04
7102.663,7.88E-05,-9.27E-04,-4.31E-04,-4.33E-04
7103.163,-2.61E-05,1.68E-03,-1.46E-04,3.39E-03
7103.663,2.31E-04,3.61E-04,4.02E-04,5.28E-03
7104.163,5.02E-04,8.65E-04,2.65E-04,-5.29E-04
7104.663,4.34E-04,-1.19E-03,-2.31E-04,-2.68E-03
7105.163,2.30E-04,5.40E-04,5.48E-05,-1.12E-03
7105.663,4.78E-04,4.51E-03,7.47E-04,2.54E-04
7106.163,7.19E-04,2.23E-03,4.77E-04,-2.02E-04
7106.663,8.89E-04,-2.85E-03,3.36E-04,5.02E-04
7107.163,1.15E-03,-3.52E-03,3.78E-04,3.51E-04
7107.663,1.40E-03,2.16E-03,5.43E-04,4.64E-04
7108.163,2.35E-03,2.00E-03,1.10E-03,4.70E-04
7108.663,3.77E-03,-4.05E-03,1.71E-03,4.20E-04
7109.163,5.60E-03,-2.94E-04,3.28E-03,1.37E-03
7109.663,1.06E-02,4.83E-03,5.72E-03,2.96E-03
7110.163,2.45E-02,4.18E-03,8.52E-03,3.18E-03
7110.663,4.48E-02,8.26E-03,1.29E-02,6.71E-03
7111.163,5.94E-02,1.18E-02,1.98E-02,1.32E-02
7111.663,3.70E-02,7.12E-03,1.70E-02,9.40E-03
7112.163,-1.78E-02,-1.84E-03,-1.03E-02,-4.99E-03
7112.663,-4.16E-02,-4.28E-03,-3.92E-02,-9.82E-03
7113.163,-2.88E-02,-4.96E-03,-3.70E-02,-3.71E-03
7113.663,-1.61E-02,-1.59E-02,-1.28E-02,2.82E-03
7114.163,-1.21E-02,-1.61E-02,6.66E-03,-7.86E-03
7114.663,-1.48E-02,9.78E-04,1.31E-02,-1.67E-03
7115.163,-1.90E-02,9.92E-03,1.35E-02,1.18E-02
7115.663,-1.76E-02,4.25E-03,1.36E-02,2.06E-02
7116.163,-7.57E-03,-2.23E-03,1.65E-02,1.93E-02
7116.663,7.18E-03,8.18E-04,1.94E-02,1.70E-02
7117.163,2.30E-02,5.60E-03,2.16E-02,2.06E-02
7117.663,3.58E-02,6.65E-03,2.72E-02,4.55E-02
7118.163,3.28E-02,1.07E-02,2.98E-02,6.37E-02
7118.663,1.62E-02,1.54E-02,3.06E-02,1.03E-02
7119.163,7.01E-03,1.91E-02,2.72E-02,1.91E-02
7119.663,9.66E-03,2.58E-02,1.15E-02,1.45E-02
7120.163,9.06E-03,3.93E-02,2.07E-03,-1.78E-02
7120.663,-1.64E-03,5.39E-02,2.59E-03,-1.90E-02
7121.163,-9.74E-03,5.46E-02,3.17E-03,-1.93E-02
7121.663,-1.45E-02,3.87E-02,1.32E-02,-2.93E-03
7122.163,-1.93E-02,1.26E-02,1.87E-02,5.13E-02
7122.663,-1.75E-02,-1.71E-02,7.89E-03,4.05E-02
7123.163,-1.25E-02,-2.60E-02,-3.30E-03,1.34E-02
7123.663,-8.52E-03,-5.25E-03,-1.38E-02,3.13E-02
7124.163,-6.99E-03,1.71E-02,-2.25E-02,1.63E-03
7124.663,-7.21E-03,3.00E-02,-2.22E-02,-6.23E-02
7125.163,-4.79E-03,2.97E-02,-1.83E-02,-6.32E-02
7125.663,-9.35E-04,1.06E-02,-4.57E-03,-4.56E-02
7126.163,1.79E-03,-8.65E-03,1.71E-02,-1.21E-02
7126.663,3.42E-03,-1.74E-02,2.34E-02,2.74E-02
7127.163,4.98E-03,-2.13E-02,1.54E-02,3.43E-03
7127.663,8.57E-03,-2.81E-02,-1.38E-04,1.09E-02
7128.163,1.05E-02,-4.76E-02,-2.82E-02,6.13E-03
7128.663,7.36E-03,-6.94E-02,-5.48E-02,-7.48E-02
7129.163,1.84E-04,-6.54E-02,-6.58E-02,-9.65E-02
7129.663,-8.05E-03,-3.30E-02,-6.01E-02,-9.16E-02
7130.163,-1.62E-02,2.18E-03,-4.31E-02,-8.08E-02
7130.663,-2.60E-02,2.51E-02,-2.50E-02,-8.13E-02
7131.163,-3.46E-02,2.36E-02,-1.67E-02,-1.46E-02
7131.663,-3.54E-02,-1.13E-02,-1.23E-02,3.77E-02
7132.163,-2.96E-02,-3.71E-02,-7.73E-03,1.85E-02
7132.663,-1.82E-02,-3.95E-02,-3.00E-03,2.97E-02
7133.163,-4.69E-03,-3.85E-02,3.07E-03,4.79E-02
7133.663,1.87E-03,-3.42E-02,8.35E-03,3.02E-02
7134.163,6.27E-03,-2.23E-02,1.15E-02,2.38E-02
7134.663,1.16E-02,-7.19E-03,1.24E-02,1.26E-02
7135.163,1.36E-02,2.74E-03,1.02E-02,-1.81E-03
7135.663,1.29E-02,1.18E-02,7.13E-03,6.37E-03
7136.163,1.15E-02,7.97E-03,3.25E-03,6.00E-03
7136.663,1.10E-02,3.76E-03,5.23E-04,1.90E-03
7137.163,1.07E-02,-1.09E-03,-1.52E-03,1.11E-02
7137.663,1.15E-02,-5.32E-03,-1.71E-03,1.27E-02
7138.163,6.35E-03,-4.05E-03,-1.01E-03,1.16E-02
7139.148,1.40E-03,6.70E-05,2.83E-03,1.34E-02
7140.151,-2.71E-03,5.20E-03,6.93E-03,1.06E-02
7141.174,-5.68E-03,9.14E-03,7.61E-03,1.26E-02
7142.216,-5.07E-03,1.06E-02,3.95E-03,-1.08E-02
7143.277,-1.51E-03,9.20E-03,-1.12E-03,-1.65E-02
7144.357,3.02E-03,5.81E-03,-5.64E-03,-1.43E-02
7145.455,5.89E-03,5.24E-04,-8.35E-03,-1.21E-02
7146.574,5.43E-03,-5.41E-03,-7.02E-03,1.01E-03
7147.71,2.28E-03,-7.54E-03,-1.99E-03,3.88E-03
7148.866,-1.79E-03,-4.20E-03,2.81E-03,3.57E-03
7150.041,-3.77E-03,-1.36E-04,4.32E-03,3.95E-03
7151.235,-2.70E-03,1.49E-03,3.20E-03,3.09E-03
7152.448,-1.95E-03,1.47E-03,1.52E-03,2.11E-03
7153.68,-2.56E-03,8.79E-04,4.49E-04,1.80E-03
7154.932,-2.19E-03,8.89E-04,5.65E-04,1.96E-03
7156.202,-4.62E-04,1.83E-03,1.64E-03,2.26E-03
7157.491,9.65E-04,3.21E-03,2.57E-03,1.98E-03
7158.799,8.78E-04,3.60E-03,2.73E-03,1.19E-03
7160.126,-1.77E-04,3.21E-03,2.17E-03,5.52E-04
7161.472,-9.52E-04,2.70E-03,1.34E-03,6.31E-04
7162.837,-8.13E-04,1.64E-03,9.83E-04,1.71E-03
7164.221,2.37E-05,9.30E-04,1.11E-03,3.30E-03
7165.624,5.66E-04,1.35E-03,1.22E-03,3.38E-03
7167.047,3.02E-04,2.45E-03,1.16E-03,9.32E-04
7168.488,-3.87E-04,2.35E-03,8.83E-04,-1.42E-03
7169.948,-1.09E-03,1.98E-03,4.58E-04,-2.47E-03
7171.428,-1.47E-03,2.05E-03,-1.62E-04,-3.22E-03
7172.926,-1.25E-03,-3.44E-04,-7.87E-04,-3.30E-03
7174.443,-7.05E-04,-3.60E-03,-7.58E-04,-3.02E-03
7175.979,1.57E-04,-4.08E-03,-2.53E-04,-3.07E-03
7177.535,1.38E-03,-2.89E-03,-3.88E-04,-2.80E-03
7179.109,2.22E-03,-1.94E-03,-1.38E-03,-1.74E-03
7180.703,2.18E-03,-1.42E-03,-2.13E-03,-5.13E-04
7182.315,1.73E-03,-1.21E-03,-1.98E-03,4.88E-04
7183.947,1.53E-03,-6.80E-04,-1.10E-03,9.40E-04
7185.597,1.34E-03,7.17E-06,-3.46E-04,6.82E-04
7187.267,8.89E-04,4.26E-04,-2.80E-04,2.89E-04
7188.955,4.32E-04,-8.55E-05,-4.42E-04,2.68E-04
7190.663,-2.98E-04,-9.62E-04,-6.20E-04,5.71E-04
7192.389,-1.77E-03,-6.91E-04,-5.81E-04,9.55E-04
7194.135,-3.03E-03,1.63E-04,-1.93E-04,1.27E-03
7195.899,-3.01E-03,3.23E-04,-1.81E-06,1.36E-03
7197.683,-2.07E-03,-2.41E-04,-2.62E-05,1.14E-03
7199.486,-1.11E-03,-2.62E-04,6.90E-05,6.01E-04
7201.308,-5.18E-04,1.65E-05,3.12E-04,-1.12E-04
7203.148,2.47E-04,3.74E-04,6.30E-04,-6.21E-04
7205.008,1.76E-03,9.16E-04,8.57E-04,-7.25E-04
7206.887,3.60E-03,7.59E-04,8.76E-04,-4.60E-04
7208.784,4.92E-03,3.04E-04,6.99E-04,5.10E-05
7210.701,4.89E-03,2.38E-04,4.96E-04,4.25E-04
7212.637,2.95E-03,4.13E-04,4.90E-04,5.67E-04
7214.592,-1.57E-04,5.02E-04,4.53E-04,5.36E-04
7216.565,-2.70E-03,4.51E-05,2.30E-04,2.75E-04
7218.559,-4.25E-03,9.32E-06,-2.23E-05,-2.11E-04
7220.57,-5.13E-03,1.62E-04,-2.12E-04,-7.77E-04
7222.601,-4.70E-03,-4.66E-04,-4.26E-04,-1.07E-03
7224.651,-2.98E-03,-6.60E-04,-7.14E-04,-1.01E-03
7226.72,-1.21E-03,-3.23E-04,-6.97E-04,-7.09E-04
7228.808,-1.22E-04,-7.61E-06,-5.53E-04,-3.72E-04
7230.915,9.50E-04,3.42E-04,-4.91E-04,-7.47E-05
7233.041,2.02E-03,4.64E-04,-3.34E-04,2.79E-04
7235.186,2.40E-03,1.97E-04,-3.15E-04,7.85E-04
7237.351,2.39E-03,-2.30E-04,-3.11E-04,1.27E-03
7239.533,2.05E-03,-4.86E-04,-3.66E-05,1.20E-03
7241.735,1.31E-03,-4.91E-04,4.25E-04,7.07E-04
7243.956,4.67E-04,-2.39E-04,8.17E-04,2.45E-04
7246.197,-5.49E-04,1.98E-04,9.27E-04,-3.20E-04
7248.456,-1.35E-03,3.13E-04,8.17E-04,-7.17E-04
7250.734,-1.35E-03,2.55E-04,6.00E-04,-6.93E-04
7253.031,-4.76E-04,5.33E-04,3.56E-04,-4.38E-04
7255.348,6.49E-04,6.34E-04,1.43E-04,-6.64E-05
7257.683,1.12E-03,2.56E-04,-6.37E-05,1.88E-04
7260.037,6.80E-04,-1.95E-04,-2.18E-04,2.70E-04
7262.411,5.53E-05,-2.37E-04,-3.45E-04,1.69E-04
7264.803,-5.02E-05,1.00E-04,-4.66E-04,-7.02E-06
7267.214,3.78E-04,-3.19E-05,-4.05E-04,-1.24E-04
7269.644,5.77E-04,-4.17E-04,-2.37E-04,-2.17E-04
7272.094,-8.33E-05,-1.28E-04,-1.56E-04,-2.97E-04
7274.562,-6.70E-04,1.83E-04,-1.38E-04,-3.14E-04
7277.05,-2.98E-04,-9.46E-06,-1.32E-04,-3.02E-04
7279.556,2.83E-04,-1.54E-04,-2.04E-04,-2.75E-04
7282.081,2.29E-04,-2.08E-04,-3.25E-04,-1.92E-04
7284.626,-3.78E-04,-2.17E-04,-2.66E-04,-8.52E-05
7287.189,-1.25E-03,-8.43E-05,-3.68E-05,4.29E-05
7289.772,-1.84E-03,-3.69E-05,1.80E-04,2.14E-04
7292.373,-1.44E-03,-9.88E-05,2.48E-04,3.61E-04
7294.994,-4.31E-04,-1.75E-04,1.48E-04,4.09E-04
7297.634,3.31E-04,-2.66E-04,4.31E-05,3.96E-04
7300.292,6.67E-04,-1.50E-04,1.61E-05,3.44E-04
7302.97,7.83E-04,1.32E-04,4.55E-05,2.09E-04
7305.667,7.64E-04,1.18E-04,1.28E-04,7.07E-05
7308.382,6.59E-04,-7.29E-05,2.33E-04,-2.28E-05
7311.117,3.95E-04,-5.71E-05,2.76E-04,-1.03E-04
7313.871,3.13E-05,6.97E-05,2.40E-04,-1.58E-04
7316.643,-1.03E-04,2.51E-04,1.52E-04,-1.57E-04
7319.435,-2.70E-05,4.15E-04,2.33E-05,-1.23E-04
7322.246,3.33E-05,4.10E-04,-7.53E-05,-9.77E-05
7325.076,-6.23E-06,2.89E-04,-1.48E-04,-8.95E-05
7327.925,-1.86E-04,1.78E-04,-2.33E-04,-8.26E-05
7330.792,-2.89E-04,1.02E-04,-2.36E-04,-6.92E-05
7333.68,-2.45E-05,1.46E-05,-1.36E-04,-5.94E-05
7336.585,4.12E-04,-4.20E-05,-7.28E-05,-4.79E-05
7339.51,6.79E-04,-2.09E-04,-8.88E-05,-2.84E-05
7342.454,6.92E-04,-3.80E-04,-6.42E-05,-1.50E-07
7345.417,4.45E-04,-2.81E-04,3.45E-05,3.57E-05
7348.399,7.05E-05,-1.39E-04,1.09E-04,6.51E-05
7351.4,-1.83E-04,-7.38E-05,9.39E-05,7.27E-05
7354.42,-2.10E-04,-4.00E-05,7.39E-05,4.56E-05
7357.459,-1.93E-04,-8.77E-05,8.01E-05,-1.52E-07
7360.517,-3.40E-04,-5.18E-05,7.23E-05,-2.29E-05
7363.594,-5.30E-04,7.96E-05,6.89E-05,-1.29E-05
7366.69,-6.83E-04,9.71E-05,1.15E-05,9.04E-06
7369.806,-8.15E-04,6.74E-05,-8.11E-05,3.60E-05
7372.94,-8.04E-04,4.93E-05,-9.74E-05,5.43E-05
7376.093,-5.20E-04,5.45E-05,-4.04E-05,4.38E-05
7379.265,1.01E-04,6.52E-05,1.62E-05,2.97E-05
7382.456,7.89E-04,-3.79E-06,5.04E-05,3.31E-05
7385.666,1.02E-03,-3.16E-05,5.94E-05,3.08E-05
7388.896,7.40E-04,2.61E-05,4.88E-05,6.95E-07
7392.144,2.88E-04,1.45E-04,1.50E-05,-3.13E-05
7395.412,-9.15E-05,2.50E-04,-4.57E-05,-4.33E-05
7398.698,-2.21E-04,1.56E-04,-7.17E-05,-5.61E-05
7402.003,-8.75E-05,-1.70E-05,-5.59E-05,-6.39E-05
7405.328,5.01E-05,-1.36E-04,-3.71E-05,-5.59E-05
7408.671,3.13E-05,-1.76E-04,-1.36E-05,-4.19E-05
7412.033,-5.16E-05,-8.42E-05,7.41E-06,-2.69E-05
7415.415,-1.19E-04,-4.34E-05,3.45E-06,-5.74E-06
7418.815,-1.76E-04,-1.15E-04,3.21E-06,2.98E-05
7422.235,-1.09E-04,-1.07E-04,1.22E-05,5.22E-05
7425.673,1.26E-04,-3.47E-05,7.49E-06,5.05E-05
7429.131,2.56E-04,-4.64E-05,2.84E-06,7.81E-05
7432.607,2.11E-04,-4.52E-05,1.38E-05,4.76E-05
7436.103,2.02E-04,4.63E-05,4.87E-05,-6.68E-05
7439.617,1.85E-04,5.65E-05,6.68E-05,-4.53E-05
7443.151,2.91E-05,9.75E-06,4.22E-05,4.81E-05
7446.704,-1.72E-04,6.74E-05,5.21E-06,4.23E-05
7450.275,-2.55E-04,1.54E-04,-3.20E-05,1.48E-05
7453.866,-1.81E-04,1.26E-04,-5.63E-05,9.93E-06
7457.476,-1.35E-04,2.50E-05,-6.05E-05,3.51E-06
7461.104,-1.92E-04,-6.73E-06,-5.30E-05,-7.40E-06
7464.752,-1.99E-04,7.53E-06,-1.02E-05,-1.85E-05
7468.419,-1.01E-04,-1.79E-06,4.84E-05,-2.35E-05
7472.104,4.20E-05,-8.78E-07,6.34E-05,-2.25E-05
7475.809,9.81E-05,-1.66E-06,2.84E-05,-1.91E-05
7479.533,2.29E-05,-4.84E-05,-1.57E-05,-2.43E-05
7483.276,-3.35E-05,-7.93E-05,-2.31E-05,-3.01E-05
7487.038,1.50E-05,-2.53E-05,-3.27E-06,-1.92E-05
7490.819,1.39E-04,1.78E-05,7.43E-06,-1.31E-06
7494.619,2.25E-04,-1.17E-05,5.08E-06,1.42E-05
7498.437,1.67E-04,-2.30E-05,1.08E-05,2.42E-05
7502.275,2.87E-05,1.87E-05,1.14E-05,2.46E-05
7506.132,-6.76E-05,3.94E-05,-8.39E-06,2.23E-05
7510.009,-8.37E-05,-5.64E-06,-7.43E-06,1.25E-05
7513.903,-4.57E-05,-3.37E-05,5.02E-06,1.95E-06
7517.817,1.02E-05,-7.06E-06,-1.61E-06,-9.22E-07
7521.75,5.54E-05,2.98E-05,-5.15E-06,-2.83E-06
7525.703,5.12E-05,5.16E-05,-5.34E-06,-2.32E-06
7529.674,-8.71E-06,2.28E-05,-6.01E-06,1.43E-06
7533.664,-5.69E-05,4.41E-07,-1.82E-06,3.89E-06
7537.673,-5.02E-05,3.74E-06,-3.51E-06,4.63E-06
7541.701,-3.12E-06,-1.64E-05,-8.20E-06,-1.09E-05
7545.748,5.39E-05,-2.20E-05,-8.63E-06,4.30E-07
7549.814,9.29E-05,-2.37E-05,-4.94E-06,3.46E-05
7553.9,7.96E-05,-1.86E-05,9.81E-06,7.22E-06
7558.004,-3.30E-07,1.90E-05,2.29E-05,-1.48E-05
7562.127,-8.76E-05,2.85E-05,2.09E-05,-5.31E-06
7566.269,-1.49E-04,1.39E-05,1.08E-05,-1.11E-05
7570.431,-1.41E-04,1.70E-05,-4.84E-06,-1.33E-05
7574.611,-6.87E-05,-8.26E-06,-1.10E-05,-7.61E-06
7578.81,-4.06E-06,-2.44E-05,-2.76E-06,-2.49E-06
7583.029,5.88E-05,1.88E-05,6.31E-06,-3.77E-07
7587.266,9.92E-05,4.39E-06,1.06E-05,1.41E-06
7591.523,8.02E-05,-2.53E-05,9.36E-06,5.96E-06
7595.798,2.27E-05,6.01E-07,4.53E-07,3.55E-06
7600.093,-1.92E-05,6.97E-06,-1.25E-05,-2.69E-06
7604.406,-3.56E-05,3.21E-05,-1.09E-05,8.21E-07
7608.739,-3.08E-05,3.55E-05,-6.39E-06,3.65E-06
7613.09,2.68E-05,-2.04E-05,-9.28E-06,2.04E-06
7617.46,7.51E-05,-2.00E-05,-2.66E-06,4.46E-06
7621.85,3.71E-05,2.06E-05,-2.10E-06,3.30E-06
7626.259,-3.74E-05,-4.91E-06,-6.45E-06,-2.82E-07
7630.686,-6.95E-05,-4.01E-05,2.99E-06,3.51E-06
7635.133,-4.90E-05,-3.39E-05,5.41E-06,3.43E-07
7639.599,-3.89E-06,-4.71E-06,1.63E-07,2.16E-08
7644.083,2.83E-05,3.19E-05,4.35E-06,8.79E-06
7648.587,3.77E-05,2.84E-06,8.20E-06,2.58E-07
7653.11,3.72E-05,-2.76E-05,8.35E-06,-3.99E-06
7657.651,2.74E-05,1.93E-05,6.12E-06,2.69E-07
7662.212,1.98E-05,6.03E-05,2.03E-06,-5.75E-06
7666.792,2.38E-05,4.75E-05,1.45E-06,-5.21E-06
7671.391,1.47E-05,2.10E-05,4.21E-06,1.11E-06
7676.009,-1.51E-05,9.93E-06,4.26E-06,1.93E-06
7680.645,-4.22E-05,-1.71E-05,-2.11E-06,-3.39E-07
7685.301,-5.07E-05,-4.96E-05,-1.92E-06,-1.46E-06
7689.976,-3.17E-05,-1.05E-05,3.12E-06,8.24E-07
7694.67,-9.54E-06,3.14E-05,7.08E-07,2.48E-06
7699.383,5.71E-06,-1.05E-05,-5.41E-06,-6.32E-07
7704.115,6.53E-06,-2.92E-05,-1.15E-05,-1.29E-06
7708.866,-9.18E-06,4.53E-06,-6.79E-06,2.38E-06
7713.636,-3.97E-06,3.17E-06,2.74E-06,3.50E-06
7718.425,1.74E-05,-9.39E-06,-7.33E-07,5.03E-07
7723.233,2.39E-05,2.13E-05,-6.28E-06,-1.31E-06
7728.06,6.51E-06,1.72E-05,-2.70E-06,5.10E-07
7732.906,3.69E-07,-1.40E-05,7.04E-06,2.32E-06
7737.771,1.09E-05,1.29E-05,1.18E-05,2.88E-06
7742.655,3.13E-06,6.40E-07,7.13E-06,3.36E-06
7747.559,-1.14E-05,-3.64E-05,2.67E-06,6.14E-07
7752.48,-9.93E-06,-2.47E-06,-3.04E-06,-3.20E-06
7757.422,-1.20E-06,1.29E-05,-8.11E-06,-2.83E-06
7762.382,-1.39E-05,-2.37E-06,-1.46E-06,-8.63E-07
7767.361,-7.65E-06,1.39E-05,8.54E-06,-5.69E-07
7772.359,2.18E-05,2.21E-05,7.34E-06,-2.42E-07
7777.377,1.47E-05,1.65E-05,1.11E-06,7.19E-07
7782.413,-1.40E-05,5.39E-06,-2.84E-06,5.51E-07
7787.468,3.06E-06,-2.87E-05,-4.55E-06,3.68E-07
7792.543,3.37E-05,-1.58E-05,-2.46E-06,1.23E-06
7797.636,-3.92E-06,1.79E-05,1.10E-06,9.06E-07
7802.748,-1.06E-05,4.90E-06,-3.77E-07,-2.98E-07
7807.88,1.69E-05,1.50E-05,-7.68E-07,-1.32E-06
7813.03,-6.39E-06,1.21E-05,1.82E-06,-7.36E-07
7818.2,-1.51E-05,-3.00E-05,-2.31E-06,2.36E-06
7823.388,2.73E-06,-2.35E-05,-1.38E-06,2.25E-06
7828.596,3.48E-06,2.02E-05,3.46E-06,-4.56E-07
7833.822,-1.26E-05,3.94E-05,-3.22E-06,5.26E-07
7839.068,-2.47E-06,1.35E-05,-3.21E-06,1.08E-06
7844.332,1.52E-05,-2.27E-05,4.22E-06,-8.36E-07
7849.616,-4.98E-06,-1.57E-05,2.14E-06,-3.25E-08
7854.918,-1.93E-05,4.98E-06,1.78E-06,1.70E-06
7860.24,-5.86E-06,8.31E-06,3.42E-06,1.76E-06
7865.58,7.50E-06,1.93E-05,1.54E-06,4.56E-07
7870.94,8.66E-07,1.75E-05,8.82E-07,-2.22E-06
7876.319,-7.99E-06,-1.29E-05,1.13E-06,-1.31E-06
7881.717,7.74E-06,-2.17E-05,-4.06E-07,2.25E-06
7887.133,1.47E-05,8.72E-06,1.35E-07,1.22E-06
7892.569,-3.48E-06,1.70E-05,2.94E-06,-1.61E-06
7898.024,-5.57E-06,-1.13E-05,2.12E-06,-2.41E-07
7903.497,1.08E-06,-1.98E-05,-1.31E-06,2.09E-06
7908.99,-1.53E-06,-1.36E-05,-4.05E-06,1.55E-06
7914.502,-1.44E-06,-1.84E-06,-2.63E-06,3.55E-07
7920.033,9.45E-06,1.38E-05,1.54E-06,-1.32E-06
7925.583,9.66E-06,1.63E-05,3.15E-06,-7.55E-07
7931.152,-5.92E-06,2.15E-05,1.77E-06,1.99E-06
7936.74,3.80E-06,1.69E-05,4.49E-08,1.30E-06
7942.347,1.21E-05,-9.45E-06,-1.67E-06,2.91E-06
7947.973,-7.50E-06,-1.18E-05,-3.63E-06,6.74E-07
7953.618,-1.34E-05,7.28E-06,-3.40E-06,-5.74E-06
7959.282,1.55E-06,-6.10E-06,3.55E-06,-1.19E-06
7964.965,1.13E-05,-1.22E-05,1.09E-05,1.80E-06
7970.667,4.20E-06,3.20E-06,1.30E-05,7.71E-07
7976.388,-5.59E-06,1.87E-05,1.51E-05,2.67E-06
7982.128,-9.89E-06,3.42E-05,1.72E-05,3.53E-07
7987.887,-4.83E-06,4.98E-05,1.94E-05,-1.03E-06
7993.665,5.08E-06,6.55E-05,2.15E-05,-7.52E-08
7999.462,1.19E-06,8.12E-05,2.37E-05,-2.45E-07
8005.278,-5.85E-07,9.69E-05,2.58E-05,8.25E-07
8011.114,3.77E-06,1.13E-04,2.80E-05,4.87E-07
8016.968,-9.50E-07,1.29E-04,3.01E-05,-1.60E-06
8022.841,-3.93E-06,1.44E-04,3.23E-05,-1.29E-06
8028.733,-2.97E-06,1.60E-04,3.45E-05,1.11E-06
8034.644,-3.91E-06,1.76E-04,3.67E-05,1.87E-06
8040.575,2.71E-06,1.92E-04,3.89E-05,4.70E-07
8046.524,5.13E-06,2.09E-04,4.11E-05,-5.23E-07
8052.493,-2.37E-06,2.25E-04,4.33E-05,-9.40E-08
8058.48,2.06E-07,2.41E-04,4.55E-05,9.91E-07
8064.486,3.52E-06,2.57E-04,4.77E-05,5.06E-07
8070.512,1.81E-07,2.74E-04,5.00E-05,-5.44E-07
8076.556,3.47E-06,2.90E-04,5.22E-05,1.88E-06
8082.62,5.57E-06,3.06E-04,5.44E-05,6.96E-06
8088.702,7.38E-08,3.23E-04,5.67E-05,3.02E-05
8094.803,1.73E-06,3.39E-04,5.90E-05,5.56E-05
8100.924,3.37E-06,3.56E-04,6.12E-05,8.11E-05
8107.063,-5.80E-06,3.72E-04,6.35E-05,1.07E-04
8113.222,-5.99E-06,3.89E-04,6.58E-05,1.32E-04
8119.399,3.46E-06,4.06E-04,6.81E-05,1.58E-04
8125.596,4.17E-06,4.23E-04,7.04E-05,1.84E-04
8131.812,-4.40E-06,4.39E-04,7.27E-05,2.10E-04
8138.046,-1.37E-06,4.56E-04,7.50E-05,2.36E-04
8144.3,7.97E-06,4.73E-04,7.73E-05,2.62E-04
8150.573,-3.38E-06,4.90E-04,7.96E-05,2.88E-04
8156.865,-7.05E-06,5.07E-04,8.19E-05,3.14E-04
8163.175,1.03E-05,5.24E-04,8.43E-05,3.40E-04
8169.505,8.02E-06,5.42E-04,8.66E-05,3.67E-04
8175.853,-1.25E-05,5.59E-04,8.90E-05,3.93E-04
8182.222,-1.01E-05,5.76E-04,9.13E-05,4.20E-04
8188.608,6.21E-06,5.93E-04,9.37E-05,4.46E-04
8195.014,7.90E-06,6.11E-04,9.61E-05,4.73E-04
8201.438,2.66E-06,6.28E-04,9.84E-05,5.00E-04
8207.883,-4.17E-06,6.45E-04,1.01E-04,5.27E-04
8214.346,-1.32E-06,6.63E-04,1.03E-04,5.53E-04
8220.827,3.72E-06,6.80E-04,1.06E-04,5.80E-04
8227.329,-7.27E-06,6.98E-04,1.08E-04,6.08E-04
8233.849,-5.35E-06,7.16E-04,1.10E-04,6.35E-04
8240.388,7.18E-06,7.33E-04,1.13E-04,6.62E-04
8246.945,6.77E-06,7.51E-04,1.15E-04,6.89E-04
8253.522,-1.76E-06,7.69E-04,1.18E-04,7.17E-04
8260.118,7.43E-06,7.87E-04,1.20E-04,7.44E-04
8266.733,9.70E-06,8.05E-04,1.23E-04,7.72E-04
8273.368,-2.01E-05,8.23E-04,1.25E-04,7.99E-04
8280.02,-6.66E-06,8.41E-04,1.28E-04,8.27E-04
8286.693,1.44E-05,8.59E-04,1.30E-04,8.55E-04
8293.384,2.29E-06,8.77E-04,1.32E-04,8.83E-04
8300.095,4.31E-06,8.95E-04,1.35E-04,9.11E-04
8306.823,4.28E-06,9.13E-04,1.37E-04,9.39E-04
8313.571,-9.54E-06,9.32E-04,1.40E-04,9.67E-04
8320.339,-1.59E-05,9.50E-04,1.42E-04,9.95E-04
8327.125,8.13E-06,9.68E-04,1.45E-04,1.02E-03
8333.931,1.53E-05,9.87E-04,1.47E-04,1.05E-03
8340.755,-1.34E-05,1.01E-03,1.50E-04,1.08E-03
8347.598,-2.74E-05,1.02E-03,1.53E-04,1.11E-03
